Workbook

Sheet Leeme
A1: Matriz de precios y dashboard de laboratorio: demo
A3: Qué es
A4: Archivo de demostración para un portafolio de pricing. Muestra una matriz de servicios con tarifa, costo, margen, referencias de precio y desviación, y los datos que alimentan un dashboard de facturación.
A6: Qué es real y qué es inventado
A7: Real: los nombres de los exámenes y su precio (columna Tarifa), tomados del cotizador de Elite Lab, https://www.elitelab.ec/cotizador.html, consultado el 19 de octubre de 2026. Es una muestra de 59 exámenes, no el catálogo completo.
A8: Inventado: costos, precios de referencia (Referencia 1, 2 y 3) y todos los datos de facturación por hospital y especialidad. Los hospitales no existen.
A10: Hojas
A11: Matriz: servicio, tarifa, costo, margen, indicador de rango, 3 referencias de precio, promedio y desviación.
A12: Facturacion_demo: datos ficticios de facturación y costo por hospital, mes y especialidad.
A13: Dashboard_datos: tablas calculadas con fórmulas que alimentan el dashboard (dashboard_laboratorio.png).
A15: Fórmulas
A16: Margen = (Tarifa - Costo) / Tarifa.
... A21: Texto azul: dato de entrada. Texto negro: fórmula. Texto verde: fórmula que toma datos de otra hoja.

Sheet Matriz
A1: Matriz de precios de laboratorio (demo)
A2: Tarifa: precios reales del cotizador de Elite Lab (elitelab.ec/cotizador.html), consultado el 19-oct-2026. Costos y referencias de precio: inventados.
A4: Nombre del servicio | B4: Tarifa (USD) | C4: Costo (USD) | D4: Margen | E4: Indicador de margen | F4: Referencia 1 (USD) | G4: Referencia 2 (USD) | H4: Referencia 3 (USD) | I4: Promedio de referencias (USD) | J4: Desviación del promedio vs. tarifa
A5: Hemograma Completo | B5: 9 | C5: 5.3 | D5: =(B5-C5)/B5 -> 0.41111111 | E5: =IF(D5<0.3,"Margen entre el 10% y 30%",IF(D5<0.5,"Margen entre el 30% y 50%",IF(D5<0.7,"Margen entre el 50% y 70%","Margen mayor al 70%"))) -> Margen entre el 30% y 50% | F5: 11.76 | G5: 9.41 | H5: 9.63 | I5: =AVERAGE(F5:H5) -> 10.266667 | J5: =(I5-B5)/B5 -> 0.14074074
A6: Glucosa | B6: 3 | C6: 1.97 | D6: =(B6-C6)/B6 -> 0.34333333 | E6: =IF(D6<0.3,"Margen entre el 10% y 30%",IF(D6<0.5,"Margen entre el 30% y 50%",IF(D6<0.7,"Margen entre el 50% y 70%","Margen mayor al 70%"))) -> Margen entre el 30% y 50% | F6: 3.22 | G6: 3.42 | H6: 3.7 | I6: =AVERAGE(F6:H6) -> 3.4466667 | J6: =(I6-B6)/B6 -> 0.14888889
A7: Glucosa - post prandial | B7: 6.6 | C7: 5.47 | D7: =(B7-C7)/B7 -> 0.17121212 | E7: =IF(D7<0.3,"Margen entre el 10% y 30%",IF(D7<0.5,"Margen entre el 30% y 50%",IF(D7<0.7,"Margen entre el 50% y 70%","Margen mayor al 70%"))) -> Margen entre el 10% y 30% | F7: 5.49 | G7: 8.19 | H7: 7.76 | I7: =AVERAGE(F7:H7) -> 7.1466667 | J7: =(I7-B7)/B7 -> 0.082828283
A8: Colesterol Total | B8: 3 | C8: 2.14 | D8: =(B8-C8)/B8 -> 0.28666667 | E8: =IF(D8<0.3,"Margen entre el 10% y 30%",IF(D8<0.5,"Margen entre el 30% y 50%",IF(D8<0.7,"Margen entre el 50% y 70%","Margen mayor al 70%"))) -> Margen entre el 10% y 30% | F8: 3.99 | G8: 3.46 | H8: 3.39 | I8: =AVERAGE(F8:H8) -> 3.6133333 | J8: =(I8-B8)/B8 -> 0.20444444
A9: Colesterol VLDL | B9: 3 | C9: 2.63 | D9: =(B9-C9)/B9 -> 0.12333333 | E9: =IF(D9<0.3,"Margen entre el 10% y 30%",IF(D9<0.5,"Margen entre el 30% y 50%",IF(D9<0.7,"Margen entre el 50% y 70%","Margen mayor al 70%"))) -> Margen entre el 10% y 30% | F9: 3.24 | G9: 2.44 | H9: 2.67 | I9: =AVERAGE(F9:H9) -> 2.7833333 | J9: =(I9-B9)/B9 -> -0.072222222
A10: Triglicéridos | B10: 3 | C10: 2.62 | D10: =(B10-C10)/B10 -> 0.12666667 | E10: =IF(D10<0.3,"Margen entre el 10% y 30%",IF(D10<0.5,"Margen entre el 30% y 50%",IF(D10<0.7,"Margen entre el 50% y 70%","Margen mayor al 70%"))) -> Margen entre el 10% y 30% | F10: 3.13 | G10: 3.09 | H10: 3.78 | I10: =AVERAGE(F10:H10) -> 3.3333333 | J10: =(I10-B10)/B10 -> 0.11111111
A11: HDL-LDL Colesterol | B11: 8 | C11: 4.6 | D11: =(B11-C11)/B11 -> 0.425 | E11: =IF(D11<0.3,"Margen entre el 10% y 30%",IF(D11<0.5,"Margen entre el 30% y 50%",IF(D11<0.7,"Margen entre el 50% y 70%","Margen mayor al 70%"))) -> Margen entre el 30% y 50% | F11: 8.52 | G11: 9.26 | H11: 8.33 | I11: =AVERAGE(F11:H11) -> 8.7033333 | J11: =(I11-B11)/B11 -> 0.087916667
A12: Creatinina | B12: 3 | C12: 2.13 | D12: =(B12-C12)/B12 -> 0.29 | E12: =IF(D12<0.3,"Margen entre el 10% y 30%",IF(D12<0.5,"Margen entre el 30% y 50%",IF(D12<0.7,"Margen entre el 50% y 70%","Margen mayor al 70%"))) -> Margen entre el 10% y 30% | F12: 4.04 | G12: 3.78 | H12: 3.55 | I12: =AVERAGE(F12:H12) -> 3.79 | J12: =(I12-B12)/B12 -> 0.26333333
A13: Urea | B13: 3 | C13: 1.95 | D13: =(B13-C13)/B13 -> 0.35 | E13: =IF(D13<0.3,"Margen entre el 10% y 30%",IF(D13<0.5,"Margen entre el 30% y 50%",IF(D13<0.7,"Margen entre el 50% y 70%","Margen mayor al 70%"))) -> Margen entre el 30% y 50% | F13: 2.83 | G13: 2.46 | H13: 3.65 | I13: =AVERAGE(F13:H13) -> 2.98 | J13: =(I13-B13)/B13 -> -0.0066666667
A14: Ácido Úrico | B14: 3 | C14: 1.61 | D14: =(B14-C14)/B14 -> 0.46333333 | E14: =IF(D14<0.3,"Margen entre el 10% y 30%",IF(D14<0.5,"Margen entre el 30% y 50%",IF(D14<0.7,"Margen entre el 50% y 70%","Margen mayor al 70%"))) -> Margen entre el 30% y 50% | F14: 3 | G14: 3.98 | H14: 3.79 | I14: =AVERAGE(F14:H14) -> 3.59 | J14: =(I14-B14)/B14 -> 0.19666667
A15: TSH | B15: 8 | C15: 6.75 | D15: =(B15-C15)/B15 -> 0.15625 | E15: =IF(D15<0.3,"Margen entre el 10% y 30%",IF(D15<0.5,"Margen entre el 30% y 50%",IF(D15<0.7,"Margen entre el 50% y 70%","Margen mayor al 70%"))) -> Margen entre el 10% y 30% | F15: 10.39 | G15: 8.38 | H15: 10.71 | I15: =AVERAGE(F15:H15) -> 9.8266667 | J15: =(I15-B15)/B15 -> 0.22833333
A16: T4 total | B16: 8 | C16: 5.41 | D16: =(B16-C16)/B16 -> 0.32375 | E16: =IF(D16<0.3,"Margen entre el 10% y 30%",IF(D16<0.5,"Margen entre el 30% y 50%",IF(D16<0.7,"Margen entre el 50% y 70%","Margen mayor al 70%"))) -> Margen entre el 30% y 50% | F16: 9.11 | G16: 9.79 | H16: 7.47 | I16: =AVERAGE(F16:H16) -> 8.79 | J16: =(I16-B16)/B16 -> 0.09875
... A63: Ácido Fólico Eritrocitario | B63: 30 | C63: 10.4 | D63: =(B63-C63)/B63 -> 0.65333333 | E63: =IF(D63<0.3,"Margen entre el 10% y 30%",IF(D63<0.5,"Margen entre el 30% y 50%",IF(D63<0.7,"Margen entre el 50% y 70%","Margen mayor al 70%"))) -> Margen entre el 50% y 70% | F63: 39.55 | G63: 31.33 | H63: 34.54 | I63: =AVERAGE(F63:H63) -> 35.14 | J63: =(I63-B63)/B63 -> 0.17133333

Sheet Facturacion_demo
A1: Facturación y costo por hospital, mes y especialidad (datos ficticios, USD)
A3: Hospital | B3: Mes | C3: Especialidad | D3: Facturación (USD) | E3: Costo (USD)
A4: Hospital Norte | B4: 45658 | C4: Laboratorio | D4: 67477 | E4: 25919
A5: Hospital Norte | B5: 45658 | C5: Imagenología | D5: 49015 | E5: 27611
A6: Hospital Norte | B6: 45658 | C6: Emergencia | D6: 56029 | E6: 42924
A7: Hospital Norte | B7: 45658 | C7: Cirugía | D7: 73395 | E7: 49144
A8: Hospital Norte | B8: 45658 | C8: Consulta externa | D8: 38159 | E8: 13143
A9: Hospital Norte | B9: 45658 | C9: Hospitalización | D9: 64369 | E9: 47221
A10: Hospital Norte | B10: 45689 | C10: Laboratorio | D10: 54480 | E10: 24687
A11: Hospital Norte | B11: 45689 | C11: Imagenología | D11: 45841 | E11: 24585
A12: Hospital Norte | B12: 45689 | C12: Emergencia | D12: 53390 | E12: 39576
A13: Hospital Norte | B13: 45689 | C13: Cirugía | D13: 68630 | E13: 46352
A14: Hospital Norte | B14: 45689 | C14: Consulta externa | D14: 41591 | E14: 13844
A15: Hospital Norte | B15: 45689 | C15: Hospitalización | D15: 68075 | E15: 49036
... A291: Hospital Este | B291: 45992 | C291: Hospitalización | D291: 58818 | E291: 44664

Sheet Dashboard_datos
A1: Datos del dashboard (fórmulas sobre Facturacion_demo)
A3: 1. Facturación mensual por hospital (USD)
A4: Mes | B4: Hospital Norte | C4: Hospital Sur | D4: Hospital Centro | E4: Hospital Este | F4: Total
A5: 45658 | B5: =SUMIFS(Facturacion_demo!$D$4:$D$291,Facturacion_demo!$A$4:$A$291,B$4,Facturacion_demo!$B$4:$B$291,$A5) -> 348444 | C5: =SUMIFS(Facturacion_demo!$D$4:$D$291,Facturacion_demo!$A$4:$A$291,C$4,Facturacion_demo!$B$4:$B$291,$A5) -> 265082 | D5: =SUMIFS(Facturacion_demo!$D$4:$D$291,Facturacion_demo!$A$4:$A$291,D$4,Facturacion_demo!$B$4:$B$291,$A5) -> 306696 | E5: =SUMIFS(Facturacion_demo!$D$4:$D$291,Facturacion_demo!$A$4:$A$291,E$4,Facturacion_demo!$B$4:$B$291,$A5) -> 191013 | F5: =SUM(B5:E5) -> 1111235
A6: 45689 | B6: =SUMIFS(Facturacion_demo!$D$4:$D$291,Facturacion_demo!$A$4:$A$291,B$4,Facturacion_demo!$B$4:$B$291,$A6) -> 332007 | C6: =SUMIFS(Facturacion_demo!$D$4:$D$291,Facturacion_demo!$A$4:$A$291,C$4,Facturacion_demo!$B$4:$B$291,$A6) -> 247412 | D6: =SUMIFS(Facturacion_demo!$D$4:$D$291,Facturacion_demo!$A$4:$A$291,D$4,Facturacion_demo!$B$4:$B$291,$A6) -> 315359 | E6: =SUMIFS(Facturacion_demo!$D$4:$D$291,Facturacion_demo!$A$4:$A$291,E$4,Facturacion_demo!$B$4:$B$291,$A6) -> 174596 | F6: =SUM(B6:E6) -> 1069374
A7: 45717 | B7: =SUMIFS(Facturacion_demo!$D$4:$D$291,Facturacion_demo!$A$4:$A$291,B$4,Facturacion_demo!$B$4:$B$291,$A7) -> 375877 | C7: =SUMIFS(Facturacion_demo!$D$4:$D$291,Facturacion_demo!$A$4:$A$291,C$4,Facturacion_demo!$B$4:$B$291,$A7) -> 288400 | D7: =SUMIFS(Facturacion_demo!$D$4:$D$291,Facturacion_demo!$A$4:$A$291,D$4,Facturacion_demo!$B$4:$B$291,$A7) -> 329848 | E7: =SUMIFS(Facturacion_demo!$D$4:$D$291,Facturacion_demo!$A$4:$A$291,E$4,Facturacion_demo!$B$4:$B$291,$A7) -> 208825 | F7: =SUM(B7:E7) -> 1202950
A8: 45748 | B8: =SUMIFS(Facturacion_demo!$D$4:$D$291,Facturacion_demo!$A$4:$A$291,B$4,Facturacion_demo!$B$4:$B$291,$A8) -> 373432 | C8: =SUMIFS(Facturacion_demo!$D$4:$D$291,Facturacion_demo!$A$4:$A$291,C$4,Facturacion_demo!$B$4:$B$291,$A8) -> 284773 | D8: =SUMIFS(Facturacion_demo!$D$4:$D$291,Facturacion_demo!$A$4:$A$291,D$4,Facturacion_demo!$B$4:$B$291,$A8) -> 345501 | E8: =SUMIFS(Facturacion_demo!$D$4:$D$291,Facturacion_demo!$A$4:$A$291,E$4,Facturacion_demo!$B$4:$B$291,$A8) -> 214272 | F8: =SUM(B8:E8) -> 1217978
A9: 45778 | B9: =SUMIFS(Facturacion_demo!$D$4:$D$291,Facturacion_demo!$A$4:$A$291,B$4,Facturacion_demo!$B$4:$B$291,$A9) -> 394980 | C9: =SUMIFS(Facturacion_demo!$D$4:$D$291,Facturacion_demo!$A$4:$A$291,C$4,Facturacion_demo!$B$4:$B$291,$A9) -> 299033 | D9: =SUMIFS(Facturacion_demo!$D$4:$D$291,Facturacion_demo!$A$4:$A$291,D$4,Facturacion_demo!$B$4:$B$291,$A9) -> 360430 | E9: =SUMIFS(Facturacion_demo!$D$4:$D$291,Facturacion_demo!$A$4:$A$291,E$4,Facturacion_demo!$B$4:$B$291,$A9) -> 216211 | F9: =SUM(B9:E9) -> 1270654
A10: 45809 | B10: =SUMIFS(Facturacion_demo!$D$4:$D$291,Facturacion_demo!$A$4:$A$291,B$4,Facturacion_demo!$B$4:$B$291,$A10) -> 373720 | C10: =SUMIFS(Facturacion_demo!$D$4:$D$291,Facturacion_demo!$A$4:$A$291,C$4,Facturacion_demo!$B$4:$B$291,$A10) -> 304430 | D10: =SUMIFS(Facturacion_demo!$D$4:$D$291,Facturacion_demo!$A$4:$A$291,D$4,Facturacion_demo!$B$4:$B$291,$A10) -> 349809 | E10: =SUMIFS(Facturacion_demo!$D$4:$D$291,Facturacion_demo!$A$4:$A$291,E$4,Facturacion_demo!$B$4:$B$291,$A10) -> 210079 | F10: =SUM(B10:E10) -> 1238038
A11: 45839 | B11: =SUMIFS(Facturacion_demo!$D$4:$D$291,Facturacion_demo!$A$4:$A$291,B$4,Facturacion_demo!$B$4:$B$291,$A11) -> 426416 | C11: =SUMIFS(Facturacion_demo!$D$4:$D$291,Facturacion_demo!$A$4:$A$291,C$4,Facturacion_demo!$B$4:$B$291,$A11) -> 322276 | D11: =SUMIFS(Facturacion_demo!$D$4:$D$291,Facturacion_demo!$A$4:$A$291,D$4,Facturacion_demo!$B$4:$B$291,$A11) -> 371297 | E11: =SUMIFS(Facturacion_demo!$D$4:$D$291,Facturacion_demo!$A$4:$A$291,E$4,Facturacion_demo!$B$4:$B$291,$A11) -> 239129 | F11: =SUM(B11:E11) -> 1359118
A12: 45870 | B12: =SUMIFS(Facturacion_demo!$D$4:$D$291,Facturacion_demo!$A$4:$A$291,B$4,Facturacion_demo!$B$4:$B$291,$A12) -> 435080 | C12: =SUMIFS(Facturacion_demo!$D$4:$D$291,Facturacion_demo!$A$4:$A$291,C$4,Facturacion_demo!$B$4:$B$291,$A12) -> 332357 | D12: =SUMIFS(Facturacion_demo!$D$4:$D$291,Facturacion_demo!$A$4:$A$291,D$4,Facturacion_demo!$B$4:$B$291,$A12) -> 392347 | E12: =SUMIFS(Facturacion_demo!$D$4:$D$291,Facturacion_demo!$A$4:$A$291,E$4,Facturacion_demo!$B$4:$B$291,$A12) -> 239415 | F12: =SUM(B12:E12) -> 1399199
A13: 45901 | B13: =SUMIFS(Facturacion_demo!$D$4:$D$291,Facturacion_demo!$A$4:$A$291,B$4,Facturacion_demo!$B$4:$B$291,$A13) -> 423558 | C13: =SUMIFS(Facturacion_demo!$D$4:$D$291,Facturacion_demo!$A$4:$A$291,C$4,Facturacion_demo!$B$4:$B$291,$A13) -> 323096 | D13: =SUMIFS(Facturacion_demo!$D$4:$D$291,Facturacion_demo!$A$4:$A$291,D$4,Facturacion_demo!$B$4:$B$291,$A13) -> 377889 | E13: =SUMIFS(Facturacion_demo!$D$4:$D$291,Facturacion_demo!$A$4:$A$291,E$4,Facturacion_demo!$B$4:$B$291,$A13) -> 238889 | F13: =SUM(B13:E13) -> 1363432
A14: 45931 | B14: =SUMIFS(Facturacion_demo!$D$4:$D$291,Facturacion_demo!$A$4:$A$291,B$4,Facturacion_demo!$B$4:$B$291,$A14) -> 451559 | C14: =SUMIFS(Facturacion_demo!$D$4:$D$291,Facturacion_demo!$A$4:$A$291,C$4,Facturacion_demo!$B$4:$B$291,$A14) -> 360086 | D14: =SUMIFS(Facturacion_demo!$D$4:$D$291,Facturacion_demo!$A$4:$A$291,D$4,Facturacion_demo!$B$4:$B$291,$A14) -> 411325 | E14: =SUMIFS(Facturacion_demo!$D$4:$D$291,Facturacion_demo!$A$4:$A$291,E$4,Facturacion_demo!$B$4:$B$291,$A14) -> 245333 | F14: =SUM(B14:E14) -> 1468303
A15: 45962 | B15: =SUMIFS(Facturacion_demo!$D$4:$D$291,Facturacion_demo!$A$4:$A$291,B$4,Facturacion_demo!$B$4:$B$291,$A15) -> 455028 | C15: =SUMIFS(Facturacion_demo!$D$4:$D$291,Facturacion_demo!$A$4:$A$291,C$4,Facturacion_demo!$B$4:$B$291,$A15) -> 363610 | D15: =SUMIFS(Facturacion_demo!$D$4:$D$291,Facturacion_demo!$A$4:$A$291,D$4,Facturacion_demo!$B$4:$B$291,$A15) -> 417575 | E15: =SUMIFS(Facturacion_demo!$D$4:$D$291,Facturacion_demo!$A$4:$A$291,E$4,Facturacion_demo!$B$4:$B$291,$A15) -> 262610 | F15: =SUM(B15:E15) -> 1498823
A16: 45992 | B16: =SUMIFS(Facturacion_demo!$D$4:$D$291,Facturacion_demo!$A$4:$A$291,B$4,Facturacion_demo!$B$4:$B$291,$A16) -> 496770 | C16: =SUMIFS(Facturacion_demo!$D$4:$D$291,Facturacion_demo!$A$4:$A$291,C$4,Facturacion_demo!$B$4:$B$291,$A16) -> 380192 | D16: =SUMIFS(Facturacion_demo!$D$4:$D$291,Facturacion_demo!$A$4:$A$291,D$4,Facturacion_demo!$B$4:$B$291,$A16) -> 469883 | E16: =SUMIFS(Facturacion_demo!$D$4:$D$291,Facturacion_demo!$A$4:$A$291,E$4,Facturacion_demo!$B$4:$B$291,$A16) -> 282454 | F16: =SUM(B16:E16) -> 1629299
A17: Total año | B17: =SUM(B5:B16) -> 4886871 | C17: =SUM(C5:C16) -> 3770747 | D17: =SUM(D5:D16) -> 4447959 | E17: =SUM(E5:E16) -> 2722826 | F17: =SUM(F5:F16) -> 15828403
A19: 2. Facturación y margen por especialidad
A20: Especialidad | B20: Facturación (USD) | C20: Costo (USD) | D20: Margen | E20: Indicador de margen | F20: % de la facturación
A21: Laboratorio | B21: =SUMIFS(Facturacion_demo!$D$4:$D$291,Facturacion_demo!$C$4:$C$291,$A21) -> 2882594 | C21: =SUMIFS(Facturacion_demo!$E$4:$E$291,Facturacion_demo!$C$4:$C$291,$A21) -> 1191290 | D21: =(B21-C21)/B21 -> 0.58672987 | E21: =IF(D21<0.3,"Margen entre el 10% y 30%",IF(D21<0.5,"Margen entre el 30% y 50%",IF(D21<0.7,"Margen entre el 50% y 70%","Margen mayor al 70%"))) -> Margen entre el 50% y 70% | F21: =B21/SUM($B$21:$B$26) -> 0.18211528
A22: Imagenología | B22: =SUMIFS(Facturacion_demo!$D$4:$D$291,Facturacion_demo!$C$4:$C$291,$A22) -> 2076588 | C22: =SUMIFS(Facturacion_demo!$E$4:$E$291,Facturacion_demo!$C$4:$C$291,$A22) -> 1099682 | D22: =(B22-C22)/B22 -> 0.47043805 | E22: =IF(D22<0.3,"Margen entre el 10% y 30%",IF(D22<0.5,"Margen entre el 30% y 50%",IF(D22<0.7,"Margen entre el 50% y 70%","Margen mayor al 70%"))) -> Margen entre el 30% y 50% | F22: =B22/SUM($B$21:$B$26) -> 0.13119378
A23: Emergencia | B23: =SUMIFS(Facturacion_demo!$D$4:$D$291,Facturacion_demo!$C$4:$C$291,$A23) -> 2514311 | C23: =SUMIFS(Facturacion_demo!$E$4:$E$291,Facturacion_demo!$C$4:$C$291,$A23) -> 1913377 | D23: =(B23-C23)/B23 -> 0.23900544 | E23: =IF(D23<0.3,"Margen entre el 10% y 30%",IF(D23<0.5,"Margen entre el 30% y 50%",IF(D23<0.7,"Margen entre el 50% y 70%","Margen mayor al 70%"))) -> Margen entre el 10% y 30% | F23: =B23/SUM($B$21:$B$26) -> 0.15884805
A24: Cirugía | B24: =SUMIFS(Facturacion_demo!$D$4:$D$291,Facturacion_demo!$C$4:$C$291,$A24) -> 3370248 | C24: =SUMIFS(Facturacion_demo!$E$4:$E$291,Facturacion_demo!$C$4:$C$291,$A24) -> 2162062 | D24: =(B24-C24)/B24 -> 0.35848579 | E24: =IF(D24<0.3,"Margen entre el 10% y 30%",IF(D24<0.5,"Margen entre el 30% y 50%",IF(D24<0.7,"Margen entre el 50% y 70%","Margen mayor al 70%"))) -> Margen entre el 30% y 50% | F24: =B24/SUM($B$21:$B$26) -> 0.21292407
A25: Consulta externa | B25: =SUMIFS(Facturacion_demo!$D$4:$D$291,Facturacion_demo!$C$4:$C$291,$A25) -> 1850869 | C25: =SUMIFS(Facturacion_demo!$E$4:$E$291,Facturacion_demo!$C$4:$C$291,$A25) -> 632613 | D25: =(B25-C25)/B25 -> 0.65820758 | E25: =IF(D25<0.3,"Margen entre el 10% y 30%",IF(D25<0.5,"Margen entre el 30% y 50%",IF(D25<0.7,"Margen entre el 50% y 70%","Margen mayor al 70%"))) -> Margen entre el 50% y 70% | F25: =B25/SUM($B$21:$B$26) -> 0.1169334
A26: Hospitalización | B26: =SUMIFS(Facturacion_demo!$D$4:$D$291,Facturacion_demo!$C$4:$C$291,$A26) -> 3133793 | C26: =SUMIFS(Facturacion_demo!$E$4:$E$291,Facturacion_demo!$C$4:$C$291,$A26) -> 2295846 | D26: =(B26-C26)/B26 -> 0.26739067 | E26: =IF(D26<0.3,"Margen entre el 10% y 30%",IF(D26<0.5,"Margen entre el 30% y 50%",IF(D26<0.7,"Margen entre el 50% y 70%","Margen mayor al 70%"))) -> Margen entre el 10% y 30% | F26: =B26/SUM($B$21:$B$26) -> 0.19798542
A28: 3. KPIs
A29: Indicador | B29: Valor
A30: Facturación total del año (USD) | B30: =F17 -> 15828403
A31: Costo total del año (USD) | B31: =SUM(Facturacion_demo!$E$4:$E$291) -> 9294870
A32: Margen global | B32: =(B30-B31)/B30 -> 0.41277272
A33: Facturación de diciembre (USD) | B33: =F16 -> 1629299
A34: Variación diciembre vs. noviembre | B34: =F16/F15-1 -> 0.087052307
A35: Hospital con mayor facturación | B35: =INDEX($B$4:$E$4,MATCH(MAX($B$17:$E$17),$B$17:$E$17,0)) -> Hospital Norte
A36: Peso de ese hospital en el total | B36: =MAX($B$17:$E$17)/$F$17 -> 0.30874062
A37: Especialidad con mayor facturación | B37: =INDEX($A$21:$A$26,MATCH(MAX($B$21:$B$26),$B$21:$B$26,0)) -> Cirugía
A38: Especialidad con mayor margen | B38: =INDEX($A$21:$A$26,MATCH(MAX($D$21:$D$26),$D$21:$D$26,0)) -> Consulta externa
A39: Margen de esa especialidad | B39: =MAX($D$21:$D$26) -> 0.65820758
