Workbook

Sheet Leeme
A1: Matriz de tarifario unificado: demo con datos ficticios
A3: Todos los servicios, precios, costos y volúmenes de este archivo son inventados. Sirve para mostrar el método, no cifras reales.
A5: Hojas
A6: Antes_4_tarifarios: el mismo servicio con precios distintos en 4 tarifarios, y la diferencia entre el más caro y el más barato.
A7: Matriz_unificada: un registro por servicio con costo, precio, precio de mercado, margen, desviación, análisis de Pareto y estado.
A8: Resumen: indicadores calculados con fórmulas sobre la matriz.
A10: Supuestos de la demo
A11: El precio unificado de partida es el promedio de los 4 tarifarios (columna E de Matriz_unificada). En un caso real se reemplaza por el precio definido.
A12: Margen = (precio - costo) / precio. Desviación = precio / precio de mercado - 1.
A13: Pareto 80 %: clase A son los servicios que, ordenados por facturación mensual, acumulan hasta el 80 % del total.
A14: Umbrales de alerta (celdas amarillas de Matriz_unificada): margen mínimo 20 % y desviación vs. mercado de ±10 %. Son supuestos de la demo.
A16: Colores
A17: Texto azul: dato de entrada. Texto negro: fórmula. Texto verde: fórmula que toma datos de otra hoja. Celda amarilla: supuesto editable.

Sheet Antes_4_tarifarios
A1: Antes: 4 tarifarios con precios distintos para el mismo servicio
A2: Datos ficticios. Precios en USD.
A4: Código | B4: Servicio | C4: Tarifario 1 | D4: Tarifario 2 | E4: Tarifario 3 | F4: Tarifario 4 | G4: Precio máximo | H4: Precio mínimo | I4: Diferencia máx-mín | J4: Tarifario más barato
A5: S001 | B5: Consulta de medicina general | C5: 22.16 | D5: 25.29 | E5: 22.49 | F5: 24.02 | G5: =MAX(C5:F5) -> 25.29 | H5: =MIN(C5:F5) -> 22.16 | I5: =(G5-H5)/H5 -> 0.14124549 | J5: =INDEX($C$4:$F$4,MATCH(H5,C5:F5,0)) -> Tarifario 1
A6: S002 | B6: Consulta de pediatría | C6: 30.41 | D6: 29.31 | E6: 31.24 | F6: 29.58 | G6: =MAX(C6:F6) -> 31.24 | H6: =MIN(C6:F6) -> 29.31 | I6: =(G6-H6)/H6 -> 0.065847834 | J6: =INDEX($C$4:$F$4,MATCH(H6,C6:F6,0)) -> Tarifario 2
A7: S003 | B7: Consulta de ginecología | C7: 30.56 | D7: 29.07 | E7: 31.57 | F7: 32.41 | G7: =MAX(C7:F7) -> 32.41 | H7: =MIN(C7:F7) -> 29.07 | I7: =(G7-H7)/H7 -> 0.11489508 | J7: =INDEX($C$4:$F$4,MATCH(H7,C7:F7,0)) -> Tarifario 2
A8: S004 | B8: Consulta de cardiología | C8: 47.02 | D8: 51.15 | E8: 51.9 | F8: 50.37 | G8: =MAX(C8:F8) -> 51.9 | H8: =MIN(C8:F8) -> 47.02 | I8: =(G8-H8)/H8 -> 0.10378562 | J8: =INDEX($C$4:$F$4,MATCH(H8,C8:F8,0)) -> Tarifario 1
A9: S005 | B9: Consulta de traumatología | C9: 42.03 | D9: 41.92 | E9: 40.01 | F9: 41.93 | G9: =MAX(C9:F9) -> 42.03 | H9: =MIN(C9:F9) -> 40.01 | I9: =(G9-H9)/H9 -> 0.050487378 | J9: =INDEX($C$4:$F$4,MATCH(H9,C9:F9,0)) -> Tarifario 3
A10: S006 | B10: Consulta de dermatología | C10: 32.82 | D10: 37.4 | E10: 36.61 | F10: 38.96 | G10: =MAX(C10:F10) -> 38.96 | H10: =MIN(C10:F10) -> 32.82 | I10: =(G10-H10)/H10 -> 0.18708105 | J10: =INDEX($C$4:$F$4,MATCH(H10,C10:F10,0)) -> Tarifario 1
A11: S007 | B11: Atención de emergencia | C11: 35.71 | D11: 30.71 | E11: 35.44 | F11: 32.09 | G11: =MAX(C11:F11) -> 35.71 | H11: =MIN(C11:F11) -> 30.71 | I11: =(G11-H11)/H11 -> 0.16281342 | J11: =INDEX($C$4:$F$4,MATCH(H11,C11:F11,0)) -> Tarifario 2
A12: S008 | B12: Hemograma completo | C12: 7.93 | D12: 7.9 | E12: 8.36 | F12: 7.38 | G12: =MAX(C12:F12) -> 8.36 | H12: =MIN(C12:F12) -> 7.38 | I12: =(G12-H12)/H12 -> 0.13279133 | J12: =INDEX($C$4:$F$4,MATCH(H12,C12:F12,0)) -> Tarifario 4
A13: S009 | B13: Glucosa en ayunas | C13: 3.71 | D13: 3.7 | E13: 3.98 | F13: 3.8 | G13: =MAX(C13:F13) -> 3.98 | H13: =MIN(C13:F13) -> 3.7 | I13: =(G13-H13)/H13 -> 0.075675676 | J13: =INDEX($C$4:$F$4,MATCH(H13,C13:F13,0)) -> Tarifario 2
A14: S010 | B14: Perfil lipídico | C14: 15.8 | D14: 17.47 | E14: 16.74 | F14: 17.97 | G14: =MAX(C14:F14) -> 17.97 | H14: =MIN(C14:F14) -> 15.8 | I14: =(G14-H14)/H14 -> 0.13734177 | J14: =INDEX($C$4:$F$4,MATCH(H14,C14:F14,0)) -> Tarifario 1
A15: S011 | B15: Examen de orina | C15: 4.66 | D15: 4.93 | E15: 4.58 | F15: 5.01 | G15: =MAX(C15:F15) -> 5.01 | H15: =MIN(C15:F15) -> 4.58 | I15: =(G15-H15)/H15 -> 0.093886463 | J15: =INDEX($C$4:$F$4,MATCH(H15,C15:F15,0)) -> Tarifario 3
A16: S012 | B16: Creatinina | C16: 5.47 | D16: 5.76 | E16: 5.81 | F16: 5.2 | G16: =MAX(C16:F16) -> 5.81 | H16: =MIN(C16:F16) -> 5.2 | I16: =(G16-H16)/H16 -> 0.11730769 | J16: =INDEX($C$4:$F$4,MATCH(H16,C16:F16,0)) -> Tarifario 4
... A44: S040 | B44: Cirugía de hernia | C44: 770.14 | D44: 708.48 | E44: 768.86 | F44: 755.84 | G44: =MAX(C44:F44) -> 770.14 | H44: =MIN(C44:F44) -> 708.48 | I44: =(G44-H44)/H44 -> 0.087031391 | J44: =INDEX($C$4:$F$4,MATCH(H44,C44:F44,0)) -> Tarifario 2

Sheet Matriz_unificada
A1: Matriz de tarifario unificado
B2: Margen mínimo | C2: 0.2 | D2: Supuesto de la demo
B3: Umbral de desviación vs. mercado (±) | C3: 0.1 | D3: Supuesto de la demo
A5: Código | B5: Servicio | C5: Categoría | D5: Costo | E5: Precio unificado | F5: Precio de mercado | G5: Volumen mensual | H5: Margen | I5: Desviación vs. mercado | J5: Facturación mensual | K5: % acumulado | L5: Clase Pareto | M5: Estado
A6: S035 | B6: Habitación compartida (día) | C6: Hospitalización | D6: 27.79 | E6: =ROUND(AVERAGE(INDEX(Antes_4_tarifarios!$C$5:$F$44,MATCH(A6,Antes_4_tarifarios!$A$5:$A$44,0),0)),2) -> 55.89 | F6: 55 | G6: 4662 | H6: =(E6-D6)/E6 -> 0.5027733 | I6: =E6/F6-1 -> 0.016181818 | J6: =E6*G6 -> 260559.18 | K6: =SUM($J$6:J6)/SUM($J$6:$J$45) -> 0.30388735 | L6: =IF(K6-J6/SUM($J$6:$J$45)<0.8,"A","B") -> A | M6: =IF(H6<$C$2,"Margen bajo",IF(I6<-$C$3,"Bajo mercado",IF(I6>$C$3,"Sobre mercado","OK"))) -> OK
A7: S004 | B7: Consulta de cardiología | C7: Consulta | D7: 24.9 | E7: =ROUND(AVERAGE(INDEX(Antes_4_tarifarios!$C$5:$F$44,MATCH(A7,Antes_4_tarifarios!$A$5:$A$44,0),0)),2) -> 50.11 | F7: 45 | G7: 2553 | H7: =(E7-D7)/E7 -> 0.50309319 | I7: =E7/F7-1 -> 0.11355556 | J7: =E7*G7 -> 127930.83 | K7: =SUM($J$6:J7)/SUM($J$6:$J$45) -> 0.45309169 | L7: =IF(K7-J7/SUM($J$6:$J$45)<0.8,"A","B") -> A | M7: =IF(H7<$C$2,"Margen bajo",IF(I7<-$C$3,"Bajo mercado",IF(I7>$C$3,"Sobre mercado","OK"))) -> Sobre mercado
A8: S001 | B8: Consulta de medicina general | C8: Consulta | D8: 12.13 | E8: =ROUND(AVERAGE(INDEX(Antes_4_tarifarios!$C$5:$F$44,MATCH(A8,Antes_4_tarifarios!$A$5:$A$44,0),0)),2) -> 23.49 | F8: 25 | G8: 3929 | H8: =(E8-D8)/E8 -> 0.48361005 | I8: =E8/F8-1 -> -0.0604 | J8: =E8*G8 -> 92292.21 | K8: =SUM($J$6:J8)/SUM($J$6:$J$45) -> 0.5607311 | L8: =IF(K8-J8/SUM($J$6:$J$45)<0.8,"A","B") -> A | M8: =IF(H8<$C$2,"Margen bajo",IF(I8<-$C$3,"Bajo mercado",IF(I8>$C$3,"Sobre mercado","OK"))) -> OK
A9: S017 | B9: Radiografía de columna | C9: Imagen | D9: 23.61 | E9: =ROUND(AVERAGE(INDEX(Antes_4_tarifarios!$C$5:$F$44,MATCH(A9,Antes_4_tarifarios!$A$5:$A$44,0),0)),2) -> 30.22 | F9: 35 | G9: 2350 | H9: =(E9-D9)/E9 -> 0.21872932 | I9: =E9/F9-1 -> -0.13657143 | J9: =E9*G9 -> 71017 | K9: =SUM($J$6:J9)/SUM($J$6:$J$45) -> 0.64355746 | L9: =IF(K9-J9/SUM($J$6:$J$45)<0.8,"A","B") -> A | M9: =IF(H9<$C$2,"Margen bajo",IF(I9<-$C$3,"Bajo mercado",IF(I9>$C$3,"Sobre mercado","OK"))) -> Bajo mercado
A10: S038 | B10: Apendicectomía | C10: Cirugía | D10: 362.35 | E10: =ROUND(AVERAGE(INDEX(Antes_4_tarifarios!$C$5:$F$44,MATCH(A10,Antes_4_tarifarios!$A$5:$A$44,0),0)),2) -> 708.88 | F10: 750 | G10: 51 | H10: =(E10-D10)/E10 -> 0.48884155 | I10: =E10/F10-1 -> -0.054826667 | J10: =E10*G10 -> 36152.88 | K10: =SUM($J$6:J10)/SUM($J$6:$J$45) -> 0.68572217 | L10: =IF(K10-J10/SUM($J$6:$J$45)<0.8,"A","B") -> A | M10: =IF(H10<$C$2,"Margen bajo",IF(I10<-$C$3,"Bajo mercado",IF(I10>$C$3,"Sobre mercado","OK"))) -> OK
A11: S040 | B11: Cirugía de hernia | C11: Cirugía | D11: 388.92 | E11: =ROUND(AVERAGE(INDEX(Antes_4_tarifarios!$C$5:$F$44,MATCH(A11,Antes_4_tarifarios!$A$5:$A$44,0),0)),2) -> 750.83 | F11: 650 | G11: 40 | H11: =(E11-D11)/E11 -> 0.48201324 | I11: =E11/F11-1 -> 0.15512308 | J11: =E11*G11 -> 30033.2 | K11: =SUM($J$6:J11)/SUM($J$6:$J$45) -> 0.72074956 | L11: =IF(K11-J11/SUM($J$6:$J$45)<0.8,"A","B") -> A | M11: =IF(H11<$C$2,"Margen bajo",IF(I11<-$C$3,"Bajo mercado",IF(I11>$C$3,"Sobre mercado","OK"))) -> Sobre mercado
A12: S018 | B12: Ecografía abdominal | C12: Imagen | D12: 31.36 | E12: =ROUND(AVERAGE(INDEX(Antes_4_tarifarios!$C$5:$F$44,MATCH(A12,Antes_4_tarifarios!$A$5:$A$44,0),0)),2) -> 43.24 | F12: 42 | G12: 677 | H12: =(E12-D12)/E12 -> 0.27474561 | I12: =E12/F12-1 -> 0.02952381 | J12: =E12*G12 -> 29273.48 | K12: =SUM($J$6:J12)/SUM($J$6:$J$45) -> 0.75489091 | L12: =IF(K12-J12/SUM($J$6:$J$45)<0.8,"A","B") -> A | M12: =IF(H12<$C$2,"Margen bajo",IF(I12<-$C$3,"Bajo mercado",IF(I12>$C$3,"Sobre mercado","OK"))) -> OK
A13: S005 | B13: Consulta de traumatología | C13: Consulta | D13: 17.51 | E13: =ROUND(AVERAGE(INDEX(Antes_4_tarifarios!$C$5:$F$44,MATCH(A13,Antes_4_tarifarios!$A$5:$A$44,0),0)),2) -> 41.47 | F13: 40 | G13: 424 | H13: =(E13-D13)/E13 -> 0.57776706 | I13: =E13/F13-1 -> 0.03675 | J13: =E13*G13 -> 17583.28 | K13: =SUM($J$6:J13)/SUM($J$6:$J$45) -> 0.7753981 | L13: =IF(K13-J13/SUM($J$6:$J$45)<0.8,"A","B") -> A | M13: =IF(H13<$C$2,"Margen bajo",IF(I13<-$C$3,"Bajo mercado",IF(I13>$C$3,"Sobre mercado","OK"))) -> OK
A14: S020 | B14: Mamografía | C14: Imagen | D14: 30.48 | E14: =ROUND(AVERAGE(INDEX(Antes_4_tarifarios!$C$5:$F$44,MATCH(A14,Antes_4_tarifarios!$A$5:$A$44,0),0)),2) -> 49.01 | F14: 55 | G14: 349 | H14: =(E14-D14)/E14 -> 0.3780861 | I14: =E14/F14-1 -> -0.10890909 | J14: =E14*G14 -> 17104.49 | K14: =SUM($J$6:J14)/SUM($J$6:$J$45) -> 0.79534688 | L14: =IF(K14-J14/SUM($J$6:$J$45)<0.8,"A","B") -> A | M14: =IF(H14<$C$2,"Margen bajo",IF(I14<-$C$3,"Bajo mercado",IF(I14>$C$3,"Sobre mercado","OK"))) -> Bajo mercado
A15: S022 | B15: Resonancia de rodilla | C15: Imagen | D15: 154.77 | E15: =ROUND(AVERAGE(INDEX(Antes_4_tarifarios!$C$5:$F$44,MATCH(A15,Antes_4_tarifarios!$A$5:$A$44,0),0)),2) -> 211.66 | F15: 220 | G15: 80 | H15: =(E15-D15)/E15 -> 0.26878012 | I15: =E15/F15-1 -> -0.037909091 | J15: =E15*G15 -> 16932.8 | K15: =SUM($J$6:J15)/SUM($J$6:$J$45) -> 0.81509542 | L15: =IF(K15-J15/SUM($J$6:$J$45)<0.8,"A","B") -> A | M15: =IF(H15<$C$2,"Margen bajo",IF(I15<-$C$3,"Bajo mercado",IF(I15>$C$3,"Sobre mercado","OK"))) -> OK
A16: S006 | B16: Consulta de dermatología | C16: Consulta | D16: 19.97 | E16: =ROUND(AVERAGE(INDEX(Antes_4_tarifarios!$C$5:$F$44,MATCH(A16,Antes_4_tarifarios!$A$5:$A$44,0),0)),2) -> 36.45 | F16: 38 | G16: 356 | H16: =(E16-D16)/E16 -> 0.4521262 | I16: =E16/F16-1 -> -0.040789474 | J16: =E16*G16 -> 12976.2 | K16: =SUM($J$6:J16)/SUM($J$6:$J$45) -> 0.83022942 | L16: =IF(K16-J16/SUM($J$6:$J$45)<0.8,"A","B") -> B | M16: =IF(H16<$C$2,"Margen bajo",IF(I16<-$C$3,"Bajo mercado",IF(I16>$C$3,"Sobre mercado","OK"))) -> OK
A17: S037 | B17: Cesárea | C17: Cirugía | D17: 366.91 | E17: =ROUND(AVERAGE(INDEX(Antes_4_tarifarios!$C$5:$F$44,MATCH(A17,Antes_4_tarifarios!$A$5:$A$44,0),0)),2) -> 929.57 | F17: 900 | G17: 13 | H17: =(E17-D17)/E17 -> 0.60529062 | I17: =E17/F17-1 -> 0.032855556 | J17: =E17*G17 -> 12084.41 | K17: =SUM($J$6:J17)/SUM($J$6:$J$45) -> 0.84432334 | L17: =IF(K17-J17/SUM($J$6:$J$45)<0.8,"A","B") -> B | M17: =IF(H17<$C$2,"Margen bajo",IF(I17<-$C$3,"Bajo mercado",IF(I17>$C$3,"Sobre mercado","OK"))) -> OK
... A45: S010 | B45: Perfil lipídico | C45: Laboratorio | D45: 9.06 | E45: =ROUND(AVERAGE(INDEX(Antes_4_tarifarios!$C$5:$F$44,MATCH(A45,Antes_4_tarifarios!$A$5:$A$44,0),0)),2) -> 17 | F45: 18 | G45: 20 | H45: =(E45-D45)/E45 -> 0.46705882 | I45: =E45/F45-1 -> -0.055555556 | J45: =E45*G45 -> 340 | K45: =SUM($J$6:J45)/SUM($J$6:$J$45) -> 1 | L45: =IF(K45-J45/SUM($J$6:$J$45)<0.8,"A","B") -> B | M45: =IF(H45<$C$2,"Margen bajo",IF(I45<-$C$3,"Bajo mercado",IF(I45>$C$3,"Sobre mercado","OK"))) -> OK

Sheet Resumen
A1: Resumen de la matriz (datos ficticios)
A3: Servicios en la matriz | B3: =COUNTA(Matriz_unificada!$A$6:$A$45) -> 40
A4: Servicios clase A (Pareto 80 %) | B4: =COUNTIF(Matriz_unificada!$L$6:$L$45,"A") -> 10
A5: Facturación mensual total | B5: =SUM(Matriz_unificada!$J$6:$J$45) -> 857420.29
A6: Peso de la clase A en la facturación | B6: =SUMIF(Matriz_unificada!$L$6:$L$45,"A",Matriz_unificada!$J$6:$J$45)/SUM(Matriz_unificada!$J$6:$J$45) -> 0.81509542
A7: Servicios con diferencia > 15 % entre tarifarios | B7: =COUNTIF(Antes_4_tarifarios!$I$5:$I$44,">0.15") -> 12
A8: Diferencia promedio máx-mín entre tarifarios | B8: =AVERAGE(Antes_4_tarifarios!$I$5:$I$44) -> 0.12304865
A9: Servicios con alerta de estado | B9: =COUNTIF(Matriz_unificada!$M$6:$M$45,"<>OK") -> 13
A10: De ellos, en clase A | B10: =COUNTIFS(Matriz_unificada!$L$6:$L$45,"A",Matriz_unificada!$M$6:$M$45,"<>OK") -> 4
